-- phpMyAdmin SQL Dump
-- version 4.6.6
-- https://www.phpmyadmin.net/
--
-- Host: localhost
-- Generation Time: Sep 03, 2018 at 06:24 PM
-- Server version: 5.7.17-log
-- PHP Version: 5.6.30

SET SQL_MODE = "NO_AUTO_VALUE_ON_ZERO";
SET time_zone = "+00:00";


/*!40101 SET @OLD_CHARACTER_SET_CLIENT=@@CHARACTER_SET_CLIENT */;
/*!40101 SET @OLD_CHARACTER_SET_RESULTS=@@CHARACTER_SET_RESULTS */;
/*!40101 SET @OLD_COLLATION_CONNECTION=@@COLLATION_CONNECTION */;
/*!40101 SET NAMES utf8mb4 */;

--
-- Database: `mtps`
--

-- --------------------------------------------------------

--
-- Table structure for table `sap_afiliado`
--

CREATE TABLE `sap_afiliado` (
  `ID_AFILIADO` varchar(10) NOT NULL,
  `NOMBRES_AFILIADO` varchar(150) NOT NULL,
  `APELLIDOS_AFILIADO` varchar(150) NOT NULL,
  `SEXO_AFILIADO` varchar(10) NOT NULL,
  `MENOR_EDAD_AFILIADO` varchar(2) NOT NULL
) ENGINE=InnoDB DEFAULT CHARSET=utf8;

--
-- Dumping data for table `sap_afiliado`
--

INSERT INTO `sap_afiliado` (`ID_AFILIADO`, `NOMBRES_AFILIADO`, `APELLIDOS_AFILIADO`, `SEXO_AFILIADO`, `MENOR_EDAD_AFILIADO`) VALUES
('00123360-6', 'MARINA', 'PICHINTE', 'Femenino', 'No'),
('00247124-9', 'ANA ROSA ', 'AGUILAR ORELLANA', 'Femenino', 'No'),
('00498407-8', ' FRANCISCO ANTONIO ', 'ARAUJO LOPEZ', 'Masculino', 'No'),
('00744871-2', ' AMERICA', 'ANAYA SANCHEZ', 'Femenino', 'No'),
('00821993-8', 'HERBERT NOE', 'AQUINO MORALES', 'Masculino', 'No'),
('01952968-9', 'JOSE ANTONIO', 'ALVARENGA', 'Masculino', 'No'),
('01965051-1', ' JORGE ALBERTO ', 'AREVALO', 'Masculino', 'No'),
('02203270-6', ' VICTOR MANUEL', 'AMAYA BARAHONA', 'Masculino', 'No'),
('02249404-7', 'LIDIA TERESA ', 'ANAYA DE MONCHEZ', 'Femenino', 'No'),
('02855839-4', 'CARLOS ALBERTO ', 'ALARCON MOLINA', 'Masculino', 'No'),
('04464958-7', 'JOSE DUGLAS', 'MORALES PICHINTE', 'Masculino', 'No'),
('1', 'HAMILAT', 'REYES', 'Masculino', 'Si'),
('2', 'BELLINI', 'MORALES', 'Femenino', 'Si'),
('3', 'JOSE', 'PICHINTE', 'Masculino', 'Si');

-- --------------------------------------------------------

--
-- Table structure for table `sap_afiliado_asociacion`
--

CREATE TABLE `sap_afiliado_asociacion` (
  `ID_AFILIADO` varchar(10) NOT NULL,
  `ID_ASOCIACION` int(11) NOT NULL,
  `FECHA_REGISTRO_SISTEMA_AFILIADO` date NOT NULL,
  `FECHA_MOVIMIENTO_AFILIADO` date DEFAULT NULL,
  `ESTADO_AFILIADO` int(11) DEFAULT NULL
) ENGINE=InnoDB DEFAULT CHARSET=utf8;

--
-- Dumping data for table `sap_afiliado_asociacion`
--

INSERT INTO `sap_afiliado_asociacion` (`ID_AFILIADO`, `ID_ASOCIACION`, `FECHA_REGISTRO_SISTEMA_AFILIADO`, `FECHA_MOVIMIENTO_AFILIADO`, `ESTADO_AFILIADO`) VALUES
('00123360-6', 47, '2018-06-14', NULL, 1),
('00247124-9', 45, '2018-05-30', '2018-05-30', 2),
('00247124-9', 46, '2018-05-30', NULL, 1),
('00498407-8', 45, '2018-05-30', NULL, 1),
('00744871-2', 45, '2018-05-30', NULL, 1),
('00821993-8', 45, '2018-05-30', NULL, 1),
('01952968-9', 45, '2018-05-30', NULL, 1),
('01965051-1', 45, '2018-05-30', NULL, 1),
('02203270-6', 45, '2018-05-30', NULL, 1),
('02249404-7', 45, '2018-05-30', NULL, 1),
('02855839-4', 45, '2018-05-30', NULL, 1),
('04464958-7', 45, '2018-05-30', '2018-06-14', 2),
('04464958-7', 47, '2018-06-14', NULL, 1),
('1', 45, '2018-05-30', NULL, 1),
('2', 47, '2018-06-14', NULL, 1),
('3', 47, '2018-06-15', NULL, 1);

-- --------------------------------------------------------

--
-- Table structure for table `sap_asociacion`
--

CREATE TABLE `sap_asociacion` (
  `ID_ASOCIACION` int(11) NOT NULL,
  `ID_TIPO_ASOCIACION` int(11) NOT NULL,
  `ID_SECTOR_ASOCIACION` int(11) NOT NULL,
  `AFILIACION_ID_ASOCIACION` varchar(11) DEFAULT NULL,
  `ID_CLASE_ASOCIACION` int(11) NOT NULL,
  `ID_MUNICIPIO_ASOCIACION` int(11) NOT NULL,
  `NOMBRE_ASOCIACION` varchar(200) NOT NULL,
  `NUMERO_ASOCIACION` varchar(15) NOT NULL,
  `FECHA_CONSTITUCION_ASOCIACION` date NOT NULL,
  `FECHA_RESOLUCION_FINAL_ASOCIACION` date NOT NULL,
  `FOLIO_ASOCIACION` varchar(10) NOT NULL,
  `LIBRO_ASOCIACION` varchar(10) NOT NULL,
  `REG_ASOCIACION` varchar(10) NOT NULL,
  `INSTITUCION_PERTENECE_ASOCIACION` varchar(200) DEFAULT NULL,
  `DIRECCION_ASOCIACION` text NOT NULL,
  `EMAIL_ASOCIACION` varchar(100) NOT NULL,
  `TELEFONO_ASOCIACION` varchar(9) NOT NULL,
  `ESTADO_ASOCIACION` varchar(10) NOT NULL,
  `SIGLAS_ASOCIACION` varchar(25) NOT NULL,
  `HOMBRES_ASOCIACION` int(11) NOT NULL,
  `MUJERES_ASOCIACION` int(11) NOT NULL,
  `ARTICULO_ASOCIACION` varchar(10) NOT NULL
) ENGINE=InnoDB DEFAULT CHARSET=utf8;

--
-- Dumping data for table `sap_asociacion`
--

INSERT INTO `sap_asociacion` (`ID_ASOCIACION`, `ID_TIPO_ASOCIACION`, `ID_SECTOR_ASOCIACION`, `AFILIACION_ID_ASOCIACION`, `ID_CLASE_ASOCIACION`, `ID_MUNICIPIO_ASOCIACION`, `NOMBRE_ASOCIACION`, `NUMERO_ASOCIACION`, `FECHA_CONSTITUCION_ASOCIACION`, `FECHA_RESOLUCION_FINAL_ASOCIACION`, `FOLIO_ASOCIACION`, `LIBRO_ASOCIACION`, `REG_ASOCIACION`, `INSTITUCION_PERTENECE_ASOCIACION`, `DIRECCION_ASOCIACION`, `EMAIL_ASOCIACION`, `TELEFONO_ASOCIACION`, `ESTADO_ASOCIACION`, `SIGLAS_ASOCIACION`, `HOMBRES_ASOCIACION`, `MUJERES_ASOCIACION`, `ARTICULO_ASOCIACION`) VALUES
(36, 1, 1, '', 6, 697, 'CONFEDERACIóN DE UNIDAD DE TRABAJADORAS Y TRABAJADORES DE EL SALVADOR (CONFUERSA)', 'C-1 S.P.', '2012-11-04', '0000-00-00', '', '', '', '', '27 Calle Pte. Casa Sindical N. 432, Colonia Layco, San Salvador', '', '2235-6350', 'ACTIVA', 'CONFUERSA', 0, 0, ''),
(37, 2, 1, 'CNTS', 6, 697, 'FEDERACIóN SINDICAL DE TRABAJADORES MUNICIPALES DE EL SALVADOR (FESITRAMES)', 'F S.P. 1', '2010-07-31', '0000-00-00', '', '', '', '', 'Octava Avenida Norte entre cuarta y sexta calle Poniente, Local # 5, San Salvador', '', '2406-4551', 'ACTIVA', '', 0, 0, ''),
(38, 2, 1, '', 6, 697, 'FEDERACIóN DE SINDICATOS DE TRABAJADORAS Y TRABAJADORES DEL SECTOR PúBLICO (FESITRASEP)', 'F.S.P. -2', '2010-12-04', '0000-00-00', '', '', '', '', 'Centro Agropecuario El Matazano del MAG en la Calle y Cantón El Manzano Soyapango, San Salvador', '', '2202-0823', 'ACEFALA', '', 0, 0, ''),
(39, 2, 1, 'CONFUERSA', 6, 697, 'FEDERACIóN DE SINDICATOS DE INSTITUCIONES PúBLICAS Y AUTóNOMAS DE EL SALVADOR (FESIPAES)', 'F.S.P. 3', '2011-03-28', '0000-00-00', '', '', '', '', 'Local SITRAMITPS, dentro de las instalaciones del Ministerio de Trabajo y Previsión Social', '', '2529-3825', 'ACTIVA', '', 0, 0, ''),
(40, 2, 1, '', 6, 697, 'FEDERACIóN SINDICAL DE TRABAJADORAS Y TRABADORES MUNICIPALES DE EL SALVADOR (FESITRAM)', 'F.S.P. 4', '2012-02-25', '0000-00-00', '', '', '', '', 'Calle que conduce al Cementerio Municipal, Santa Tecla, La Libertad.', '', '', 'ACTIVA', '', 0, 0, ''),
(41, 2, 1, '', 6, 697, 'FEDERACIóN UNIDAD NACIONAL DE EMPLEADOS PúBLICOS (UNEP)', 'F.S.P. 5', '2012-04-25', '0000-00-00', '', '', '', '', 'Primera calle Oriente, numero 316, San Salvador, contiguo al Pollo Campero Centro.', '', '2101-9240', 'TRAMITE', '', 0, 0, ''),
(42, 2, 1, 'UNTS', 6, 697, 'FEDERACIóN SINDICAL DE TRABAJADORAS Y TRABAJADORES SALVADOREñOS (FESITRASAL)', 'F.S.P. 6', '2016-01-12', '0000-00-00', '', '', '', '', 'Av. España entre trece y 15 calle poniente #831 Barrio San Miguelito, San Salvador.', '', '2101-9086', 'ACTIVA', '', 0, 0, ''),
(43, 2, 1, '', 6, 697, 'FEDERACIóN DE EMPLEADOS PúBLICOS Y MUNICIPALES (F.E.P.Y.M.)', 'F.S.P. 8', '2017-10-22', '0000-00-00', '', '', '', '', 'Primera Calle Poniente, Edificio Ferrer # 136, Local 3, San Salvador', '', '7289-9136', 'ACTIVA', '', 0, 0, ''),
(44, 3, 2, 'FSR', 2, 697, 'SINDICATO GREMIAL DE TRABAJADORES DE ARTES GRáFICAS DE EL SALVADOR (STAG)', '1', '1950-09-24', '1951-07-05', '', '', '', '', 'Avenida Monseñor Arnulfo Romero, frente a 13 Calle Oriente, #744, San S.alvador (Local FSR)', '', '2130-2414', 'ACEFALO', '', 315, 196, ''),
(45, 3, 2, 'FESTES', 2, 697, 'SINDICATO GENERAL  DE COSTURERAS (SGC)', '7', '1950-10-29', '1951-07-10', '', '', '', '', '27 Calle Poniente, # 432, Colonia Layco, S.S.', '', '2226-8001', 'ACTIVO', '', 83, 374, ''),
(46, 3, 2, 'FSR', 2, 697, 'SINDICATO NACIONAL DE OBREROS ZAPATEROS (SNOZ)', '8', '1950-11-05', '1953-06-03', '', '', '', '', '1° Calle Poniente, Edificio Ferrer, # 136, Local 3, San Salvador', '', '7289-9136', 'ACTIVO', '', 1495, 94, ''),
(47, 3, 2, 'FENASTRAS', 2, 697, 'SINDICATO DE OBREROS PANIFICADORES DE EL SALVADOR (SOPS)', '9', '1950-10-15', '1951-05-24', '', '', '', '', '4° Calle Poniente # 2438 \"A\", Colonia Flor Blanca, San Salvador (Local FENASTRAS)', '', '2298-2953', 'ACEFALO', '', 112, 269, ''),
(48, 3, 1, '0', 6, 641, 'AAAA', '1 S.P.', '2018-06-17', '2018-06-18', '5', '3', '5', '', 'LLLLLLLLLLLL', 'mp.duglas@gmail.com', '2222-2222', 'TRAMITE', 'AAAA', 10, 20, '2'),
(49, 3, 1, '0', 6, 641, 'AAAA', '2 S.P.', '2018-06-17', '2018-06-18', '5', '3', '5', '', 'LLLLLLLLLLLL', 'mp.duglas@gmail.com', '2222-2222', 'TRAMITE', 'AAAA', 10, 20, '2');

-- --------------------------------------------------------

--
-- Table structure for table `sap_clase_asociacion`
--

CREATE TABLE `sap_clase_asociacion` (
  `ID_CLASE_ASOCIACION` int(11) NOT NULL,
  `NOMBRE_CLASE_ASOCIACION` varchar(100) NOT NULL
) ENGINE=InnoDB DEFAULT CHARSET=utf8;

--
-- Dumping data for table `sap_clase_asociacion`
--

INSERT INTO `sap_clase_asociacion` (`ID_CLASE_ASOCIACION`, `NOMBRE_CLASE_ASOCIACION`) VALUES
(1, 'EMPRESA'),
(2, 'GREMIO'),
(3, 'AUTÓNOMA'),
(4, 'INDEPENDIENTE'),
(5, 'INDUSTRIA'),
(6, 'SERVIDORES PÚBLICOS');

-- --------------------------------------------------------

--
-- Table structure for table `sap_documento`
--

CREATE TABLE `sap_documento` (
  `ID_DOCUMENTO` int(11) NOT NULL,
  `NOMBRE_DOCUMENTO` varchar(200) NOT NULL,
  `TIPO_DOCUMENTO` varchar(10) NOT NULL,
  `RUTA_DOCUMENTO` varchar(200) NOT NULL,
  `ESTADO_DOCUMENTO` int(11) NOT NULL,
  `ACCESO_DOCUMENTO` int(11) NOT NULL
) ENGINE=InnoDB DEFAULT CHARSET=utf8;

--
-- Dumping data for table `sap_documento`
--

INSERT INTO `sap_documento` (`ID_DOCUMENTO`, `NOMBRE_DOCUMENTO`, `TIPO_DOCUMENTO`, `RUTA_DOCUMENTO`, `ESTADO_DOCUMENTO`, `ACCESO_DOCUMENTO`) VALUES
(1, 'PRESENTACION DEFENSA', 'powerpoint', 'docs/', 1, 2),
(2, 'FORMATO DE CARGA DE SINDICATOS', 'excel', 'docs/formatoHistoricoSindicatos1.xlsx', 1, 1),
(3, 'FORMATO AFILIADOS', 'excel', 'docs/FormatoAfiliados.xlsx', 1, 3);

-- --------------------------------------------------------

--
-- Table structure for table `sap_junta_directiva`
--

CREATE TABLE `sap_junta_directiva` (
  `ID_JUNTA` int(11) NOT NULL,
  `ID_ASOCIACION_JUNTA` int(11) NOT NULL,
  `FECHA_ELECCION_JUNTA` date DEFAULT NULL,
  `FECHA_POSESION_JUNTA` date NOT NULL,
  `FECHA_FIN_JUNTA` date NOT NULL,
  `FECHA_AUTO_JUNTA` date DEFAULT NULL,
  `OFICIO_JUNTA` varchar(50) DEFAULT NULL,
  `CARNES_JUNTA` varchar(25) DEFAULT NULL,
  `LIBRO_JUNTA` varchar(10) NOT NULL,
  `CONVOCATORIA_JUNTA` varchar(200) DEFAULT NULL,
  `ANTELACION_JUNTA` varchar(100) DEFAULT NULL,
  `AGENDA_JUNTA` varchar(150) DEFAULT NULL,
  `VOTACION_JUNTA` varchar(150) NOT NULL,
  `ASISTENCIA_JUNTA` int(11) DEFAULT NULL,
  `REPRESENTACION_LEGAL_JUNTA` text,
  `QUORUM_JUNTA` int(11) DEFAULT NULL,
  `FECHA_PRESENTACION_JUNTA` date DEFAULT NULL,
  `HORA_PRESENTACION_JUNTA` time DEFAULT NULL,
  `PRESENTADO_POR_JUNTA` varchar(200) DEFAULT NULL,
  `HOMBRES_JUNTA` int(11) NOT NULL,
  `MUJERES_JUNTA` int(11) NOT NULL,
  `ESTADO_JUNTA` varchar(50) NOT NULL,
  `REGISTRO_JUNTA` varchar(10) DEFAULT NULL,
  `FOLIO_JUNTA` varchar(10) DEFAULT NULL,
  `ARTICULO_JUNTA` int(11) DEFAULT NULL
) ENGINE=InnoDB DEFAULT CHARSET=utf8;

--
-- Dumping data for table `sap_junta_directiva`
--

INSERT INTO `sap_junta_directiva` (`ID_JUNTA`, `ID_ASOCIACION_JUNTA`, `FECHA_ELECCION_JUNTA`, `FECHA_POSESION_JUNTA`, `FECHA_FIN_JUNTA`, `FECHA_AUTO_JUNTA`, `OFICIO_JUNTA`, `CARNES_JUNTA`, `LIBRO_JUNTA`, `CONVOCATORIA_JUNTA`, `ANTELACION_JUNTA`, `AGENDA_JUNTA`, `VOTACION_JUNTA`, `ASISTENCIA_JUNTA`, `REPRESENTACION_LEGAL_JUNTA`, `QUORUM_JUNTA`, `FECHA_PRESENTACION_JUNTA`, `HORA_PRESENTACION_JUNTA`, `PRESENTADO_POR_JUNTA`, `HOMBRES_JUNTA`, `MUJERES_JUNTA`, `ESTADO_JUNTA`, `REGISTRO_JUNTA`, `FOLIO_JUNTA`, `ARTICULO_JUNTA`) VALUES
(33, 36, '0000-00-00', '2018-01-26', '2018-11-03', '0000-00-00', '', '', '6°', '', '', '', '', 0, '', 0, '0000-00-00', '00:00:00', '', 7, 4, 'ACTIVA', '1', '2', 0),
(34, 37, '0000-00-00', '2017-11-25', '2018-07-30', '0000-00-00', '', '', '5°', '', '', '', '', 0, '', 0, '0000-00-00', '00:00:00', '', 9, 2, 'ACTIVA', '6', '7', 0),
(35, 38, '0000-00-00', '2017-04-19', '2017-12-03', '0000-00-00', '', '', '5°', '', '', '', '', 0, '', 0, '0000-00-00', '00:00:00', '', 10, 1, 'ACEFALA', '4', '5', 0),
(36, 39, '0000-00-00', '2018-03-28', '2019-03-27', '0000-00-00', '', '', '6°', '', '', '', '', 0, '', 0, '0000-00-00', '00:00:00', '', 9, 2, 'ACTIVA', '5', '6', 0),
(37, 40, '0000-00-00', '2018-03-08', '2019-02-24', '0000-00-00', '', '', '6°', '', '', '', '', 0, '', 0, '0000-00-00', '00:00:00', '', 9, 2, 'ACTIVA', '4', '5', 0),
(38, 41, '0000-00-00', '2017-06-13', '2018-04-24', '0000-00-00', '', '', '5°', '', '', '', '', 0, '', 0, '0000-00-00', '00:00:00', '', 8, 3, 'TRAMITE', '5', '6', 0),
(39, 42, '0000-00-00', '2018-02-12', '2019-02-11', '0000-00-00', '', '', '5°', '', '', '', '', 0, '', 0, '0000-00-00', '00:00:00', '', 7, 4, 'ACTIVA', '2', '3', 0),
(40, 43, '0000-00-00', '2018-02-03', '2018-10-21', '0000-00-00', '', '', '6°', '', '', '', '', 0, '', 0, '0000-00-00', '00:00:00', '', 10, 1, 'ACTIVA', '3', '4', 0),
(41, 44, '0000-00-00', '2015-09-04', '2016-09-23', '0000-00-00', '', '', '27°', '', '', '', '', 0, '', 0, '0000-00-00', '00:00:00', '', 9, 0, '', '261', '262', 0),
(42, 45, '0000-00-00', '2017-10-29', '2018-10-28', '0000-00-00', '', '', '29°', '', '', '', '', 0, '', 0, '0000-00-00', '00:00:00', '', 3, 8, '', '262', '263', 0),
(43, 46, '0000-00-00', '2018-01-17', '2018-11-04', '0000-00-00', '', '', '30°', '', '', '', '', 0, '', 0, '0000-00-00', '00:00:00', '', 9, 0, '', '20', '21', 0),
(44, 47, '0000-00-00', '2016-01-24', '2016-10-14', '0000-00-00', '', '', '28°', '', '', '', '', 0, '', 0, '0000-00-00', '00:00:00', '', 6, 5, '', '31', '32', 0);

-- --------------------------------------------------------

--
-- Table structure for table `sap_secretaria_junta`
--

CREATE TABLE `sap_secretaria_junta` (
  `ID_SECRETARIA_JUNTA` int(11) NOT NULL,
  `ID_JUNTA` int(11) NOT NULL,
  `NOMBRE_SECRETARIA_JUNTA` varchar(200) NOT NULL,
  `REPRESENTANTE_SECRETARIA_JUNTA` varchar(200) NOT NULL
) ENGINE=InnoDB DEFAULT CHARSET=utf8;

--
-- Dumping data for table `sap_secretaria_junta`
--

INSERT INTO `sap_secretaria_junta` (`ID_SECRETARIA_JUNTA`, `ID_JUNTA`, `NOMBRE_SECRETARIA_JUNTA`, `REPRESENTANTE_SECRETARIA_JUNTA`) VALUES
(341, 33, 'SECRETARíA GENERAL', ': LUíS WILFREDO BERRIOS ALVARENGA'),
(342, 33, 'SECRETARíA  DE ORGANIZACIóN', ': LUIS REINALDO ZEPEDA'),
(343, 33, 'SECRETARíA  DE CONFLICTOS', ': JUAN JOSé BRAHONA CANIZALEZ'),
(344, 33, 'SECRETARíA DE FINANZAS', ': VíCTOR MANUEL RAMíREZ'),
(345, 33, 'SECRETARíA  DE EDUCACIóN SINDICAL', ': CONCEPCIóN IDALIA ZUNIGA VDA. DE CRISTALES'),
(346, 33, 'SECRETARíA DE RELACIONES NACIONALES E INTERNACIONALES.', ': MARTHA CUELLAR PéREZ'),
(347, 33, 'SECRETARíA DE ASUNTOS ECONóMICOS Y ESTADíSTICOS', ': RENé ADONAY GIRON AREVALO'),
(348, 33, 'SECRETARíA DE PRENSA Y PROPAGANDA', ': EDUARDO GUERRA AVILéS'),
(349, 33, 'SECRETARíA DE SEGURIDAD Y PREVISIóN. SOCIAL', ': LYZ MILIZEN CARLA SAMANTHA CERNA DE GALLEGOS'),
(350, 33, 'SECRETARíA  DE LA MUJER Y JUVENTUD', ': CLAUDIA LIDUVINA ESCOBAR CAMPOS'),
(351, 33, 'SECRETARíA DE ACTAS Y ACUERDOS', ': ÁNGEL DANILO MEJíA RIVAS'),
(352, 34, 'SECRETARíA GENERAL', ': JOSé ARMANDO LINARES PONCE'),
(353, 34, 'SECRETARíA DE ORGANIZACIóN Y ESTADíSTICA', ': MAURICIO MANCíA C/P MAURICIO RIVERA MANCíA'),
(354, 34, 'SECRETARíA  1° DE CONFLICTOS', ': CARLOS ENRIQUE SALINAS RAMíREZ'),
(355, 34, 'SECRETARíA  2° DE CONFLICTOS', ': OSCAR REYES MIJANGO'),
(356, 34, 'SECRETARíA DE FINANZAS', ': MARíA EVANGELINA SANTOS DE DíAZ'),
(357, 34, 'SECRETARíA DE FINANZAS', ': BERNARDINO FABIáN FIGUEROA'),
(358, 34, 'SECRETARíA DE GéNEROS Y JUVENTUD', ': MARIANA LEONOR MORALES MORALES'),
(359, 34, 'SECRETARíA DE ACTAS Y ACUERDOS', ': JOSé ANTONIO AVELINO CAMPOS'),
(360, 34, 'SECRETARíA DE COMUNICACIóN Y MEDIO AMBIENTE', ': REYNALDO PATRIZ ZACAPA'),
(361, 34, 'SECRETARíA DE PREVISIóN SOCIAL', ': JOSé ARNOLDO OJEDA ARGUETA'),
(362, 34, 'SECRETARíA DE RELACIONES NACIONALES E INTERNACIONALES', ': JUAN CARLOS GUTIéRREZ JIMéNEZ'),
(363, 35, 'SECRETARíA GENERAL', 'BERNAL VINCI VALLADARES BARRERA'),
(364, 35, 'SECRETARíA GENERAL ADJUNTO', 'GERARDO RAMíREZ CHICAS'),
(365, 35, 'SECRETARíA DE ORGANIZACIóN Y PLANIFICACIóN', 'CARMEN ELENA HERNáNDEZ DE AVELAR'),
(366, 35, 'SECRETARíA DE ASUNTOS LEGALES Y PROCURA CURACIóN.', 'JUAN CARLOS VALENCIA FERRER'),
(367, 35, 'SECRETARíA DE ASUNTOS FINANCIEROS Y CONTABLES', 'JUAN MIGUEL FUENTES FUENTES'),
(368, 35, 'SECRETARíA DE CULTURA Y FORMACIóN SINDICAL', 'BILLY ADOLFO PINEDA ARTIGA'),
(369, 35, 'SECRETARíA DE COMUNICACIONES Y PRENSA', 'DENIS ARNOLDO ÁLVAREZ GONZáLEZ'),
(370, 35, 'SECRETARíA DE ACTAS', 'ANDRéS ABEL FERNáNDEZ ROMERO'),
(371, 35, 'SECRETARíA DE LA MUJER Y ASISTENCIA SOCIAL', 'MOISéS ARNULFO GONZáLEZ SáNCHEZ'),
(372, 35, 'SECRETARíA DE ASUNTOS ECOLóGICOS Y SEGURIDAD LABORAL', 'JORGE ALBERTO GONZáLEZ PERLA'),
(373, 35, 'SECRETARíA DE RELACIONES NACIONALES E INTERNACIONALES', 'JULIO CESAR JUáREZ VáSQUEZ'),
(374, 36, 'SECRETARíA   GENERAL', ': LUIS REYNALDO ZEPEDA'),
(375, 36, 'SECRETARíA  DE ORGANIZACIóN', ': JOSé ANTONIO FERMAN RIVERA'),
(376, 36, 'PRIMER SECRETARíA  DE CONFLICTOS', ': ANTONIO CALDERóN  AGUILAR'),
(377, 36, 'SEGUNDO SECRETARíA  DE CONFLICTOS', ': JOSé BENEDICTO SáNCHEZ ORELLANA'),
(378, 36, 'SECRETARíA DE EDUCACIóN, PRENSA Y PROPAGANDA', ': EDUARDO GUERRA AVILES'),
(379, 36, 'SECRETARíA DE SEGURIDAD Y PREVISIóN SOCIAL', ': JORGE ALBERTO CALIXTO QUIJANO RUIZ'),
(380, 36, 'SECRETARíA  DE ASUNTOS JUVENILES', ': MAURICIO EDUARDO PEñA RECINOS'),
(381, 36, 'SECRETARíA  DE ASUNTOS FEMENINOS', ': CLAUDIA LIDUVINA ESCOBAR CAMPOS'),
(382, 36, 'SECRETARíA DE RELACIONES NACIONALES E INTERNACIONALES', ': OSCAR ERNESTO BOLAñOS AGUILAR'),
(383, 36, 'SECRETARíA DE FINANZAS', ': LUIS ALBERTO GIL PONCE'),
(384, 36, 'SECRETARíA DE ACTAS Y ACUERDOS', ': AYDEE ISABEL GARCíA RODAS'),
(385, 37, 'SECRETARíA GENERAL', ': JUAN JOSé BARAHONA CANIZALEZ'),
(386, 37, 'SECRETARíA DE ORGANIZACIóN', ': DANILO BLADIMIR CUELLAR'),
(387, 37, '1ER SECRETARíA  DE CONFLICTOS', ': JOSé MUNGUíA VáSQUEZ'),
(388, 37, 'SEGUNDA SECRETARíA DE CONFLICTOS', ': MIGUEL ANTONIO RUBIO PEñA'),
(389, 37, 'SECRETARíA DE EDUCACIóN, PRENSA Y PROPAGANDA', ': RAMóN MANUEL GONZALEZ TICAS'),
(390, 37, 'SECRETARíA DE SEGURIDAD Y PREVISIóN SOCIAL', ': ÁNGEL DANILO MEJíA RIVAS'),
(391, 37, 'SECRETARíA  DE ASUNTOS JUVENILES', ': RENE ADILIO AMAYA AGUILUZ'),
(392, 37, 'SECRETARíA  DE ASUNTOS FEMENINOS', ': ANA VILMA CAMPOS JIMéNEZ'),
(393, 37, 'SECRETARíA DE RELACIONES NACIONALES E INTERNACIONALES .', ': CELITA ARMIDA RODRíGUEZ HéRCULES'),
(394, 37, 'SECRETARíA  DE SECRETARíA DE FINANZAS', ': VíCTOR MANUEL TOBAR DIAZ'),
(395, 37, 'SECRETARíA DE ACTAS Y ACUERDOS', ': CARLOS ALFREDO PERLA'),
(396, 38, 'SECRETARíA GENERAL', ': MARTA ALICIA CAMPOS DE MENA'),
(397, 38, 'SECRETARíA DE ORGANIZACIóN Y ESTADíSTICA', ': MARTHA GLADYS PARADA'),
(398, 38, 'SECRETARíA  PRIMERO DE CONFLICTOS', ': JOSE NAPOLEON LARA RAFAILAN'),
(399, 38, 'SECRETARíA  SEGUNDA DE CONFLICTOS', ': OSCAR ERNESTO MARTíNEZ'),
(400, 38, 'SECRETARíA  TERCER DE CONFLICTOS', ': EDUARDO MARTíNEZ VáSQUEZ'),
(401, 38, 'SECRETARíA DE EDUCACIóN. CULTURA. Y PROPAGANDA.', ': JORGE LUIS GARCíA'),
(402, 38, 'SECRETARíA DE FINANZAS', ': MARIANO DE JESUS ZEPEDA CORNEJO'),
(403, 38, 'SECRETARíA DE ACTAS Y ACUERDOS', ': HELEM MAIRENA CóRDOVA ESCOBAR'),
(404, 38, 'SECRETARíA DE COMUNICACIONES', ': OMAR ORLANDO BURGOS MARIONA'),
(405, 38, 'SECRETARíA  DE PREVISIóN SOCIAL', ': SALVADOR ERNESTO DíAZ LINOS'),
(406, 38, 'SECRETARíA  EJECUTIVO', ': JOSé ANTONIO AMAYA MENA'),
(407, 39, 'SECRETARíA GENERAL', ': ARMIDA ESTELA FRANCO VANEGAS'),
(408, 39, 'SECRETARíA DE ORGANIZACIóN', ': ROXANA MARIBEL DERAS ACOSTA'),
(409, 39, 'SECRETARíA  PRIMER DE CONFLICTOS', ': RAFAEL JORGE'),
(410, 39, 'SECRETARíA  SEGUNDA DE CONFLICTOS', ': DANIEL SANTOS HERNáNDEZ'),
(411, 39, 'SECRETARíA DE PRENSA Y PROPAGANDA', ': IVY NIDYA ELYONOR GRANADOS LEIVA'),
(412, 39, 'SECRETARíA DE SEGURIDAD Y PREVISIóN SOCIAL', ': IDALIA REYES'),
(413, 39, 'SECRETARíA DE GéNEROS Y JUVENTUD', ': KELVIN RENé ROJAS CORADO'),
(414, 39, 'SECRETARíA  DE EDUCACIóN, CULTURA Y MEDIO AMBIENTE', ': JOSé MOISéS CERóN MARTíNEZ'),
(415, 39, 'SECRETARíA DE RELACIONES NACIONALES E INTERNACIONALES', ': NELSóN DE JESúS RIVERA OSEGUEDA'),
(416, 39, 'SECRETARíA DE FINANZAS', ': CARLOS ALBERTO MAYORGA MERCADO'),
(417, 39, 'SECRETARíA DE ACTAS Y ACUERDOS', ': JOSé HERMES GONZALEZ VáSQUEZ'),
(418, 40, 'SECRETARíA GENERAL', ': JOSé ARTURO RODRíGUEZ'),
(419, 40, 'SECRETARíA DE ORGANIZACIóN Y ESTADíSTICA', ': JUAN FRANCISCO PINEDA DURAN'),
(420, 40, 'PRIMER SECRETARíA  DE CONFLICTOS', ': RAFAEL ANTONIO COCA MARTíNEZ'),
(421, 40, 'SEGUNDA SECRETARíA DE CONFLICTOS', ': FRANCISCO ENRIQUE CáRCAMO'),
(422, 40, 'SECRETARíA DE RELACIONES NACIONALES E INTERNACIONALES', ': JUAN FRANCISCO ARDóN RUANO'),
(423, 40, 'SECRETARíA DE EDICACIóN Y PROPAGANDA', ': MAURICIO ERNESTO CENTENO CLíMACO'),
(424, 40, 'SECRETARíA DE SEGURIDAD Y PREVISIóN SOCIAL', ': JOSé ROBERTO ALñEMáN DíAZ'),
(425, 40, 'SECRETARíA DE ASUNTOS FEMENILES Y JUVENILES', ': RINA DELMY LóPEZ DE RODRíGUEZ'),
(426, 41, 'SECRETARíA GENERAL', ': MANUEL ANTONIO GARCíA MANCIA'),
(427, 41, 'SECRETARíA DE ORGANIZACIóN Y ESTADíSTICA', ': SANTOS ERNESTO REYNA HERNáNDEZ'),
(428, 41, 'SECRETARíA DE CULTURA', ': ROLANDO MORAN MORAN'),
(429, 41, 'SECRETARíA DE FINANZAS', ': ANTONIO CRUZ'),
(430, 41, 'SECRETARíA DE PRENSA Y PROPAGANDA', ': GLORIA DEL CARMEN GUEVARA'),
(431, 41, 'SECRETARíA DE TRABAJO Y CONFLICTOS', ': DáMASO ALVARADO BERMúDEZ'),
(432, 41, 'SECRETARíA DE RELACIONES', ': SALVADOR NAVAS PéREZ'),
(433, 41, 'SECRETARíA DE ASISTENCIA SOCIAL', ': MAURICIO SALAZAR DE LA CRUZ'),
(434, 41, 'SECRETARíA DE ACTAS Y ACUERDOS', ': ROBERTO CARLOS BERNAL GáMEZ'),
(435, 42, 'SECRETARíA GENERAL', ': ARACELY CLARA MARTíNEZ DE ROSALES'),
(436, 42, 'SECRETARíA DE ORGANIZACIóN Y ESTADíSTICA', ': CRUZ ESTHER MEJíA LARA'),
(437, 42, 'PRIMERO SECRETARíA DE CONFLICTOS', ': JOSé OSMIN PéREZ AYALA'),
(438, 42, 'SEGUNDA SECRETARíA DE CONFLICTOS', ': HéCTOR SALVADOR VILLANUEVA SáNCHEZ'),
(439, 42, 'TERCER SECRETARíA DE CONFLICTOS', ': HUGO ERNESTO SALGUERO MERINO'),
(440, 42, 'SECRETARíA DE FINANZAS', ': MARTA ESTER FERNáNDEZ CAMPOS'),
(441, 42, 'SECRETARíA DE EDUCACIóN Y CULTURA', ': CAROLINA REYES DE ROSALES'),
(442, 42, 'SECRETARíA DE PRENSA Y PROPAGANDA', ': ÁNGELA MENDOZA GARCíA'),
(443, 42, 'SECRETARíA DE RELACIONES', ': SILVERIA FELIPA MARTíNEZ PRADO'),
(444, 42, 'SECRETARíA DE SEGURIDAD Y PREVISIóN SOCIAL', ': ROSA EVELYN VELáSQUEZ PéREZ'),
(445, 42, 'SECRETARíA DE ACTAS', ': DORA ÁNGEL DE MENDOZA'),
(446, 43, 'SECRETARíA GENERAL', ': FRANCISCO JAVIER GARCíA GARCíA'),
(447, 43, 'SECRETARíA DE ORGANIZACIóN', ': JULIO CESAR MARTíNEZ COLOCHO'),
(448, 43, 'SECRETARíA DE CONFLICTOS', ': EDWIN ROBERTO GARCíA'),
(449, 43, 'SECRETARíA DE FINANZAS', ': SABAS OBDULIO LóPEZ RIVERA'),
(450, 43, 'SECRETARíA DE CULTURA Y PROPAGANDA', ': JOEL AVELAR ELíAS'),
(451, 43, 'SECRETARíA DE ESTADíSTICA', ': JUAN JOSé RENALDO GARCíA'),
(452, 43, 'SECRETARíA DE RELACIONES', ': JULIO CESAR JORGE CRUZ'),
(453, 43, 'SECRETARíA DE ASISTENCIA SOCIAL', ': SERGIO NEFTALí ORDOñEZ MARTíNEZ'),
(454, 43, 'SECRETARíA DE ACTAS', ': DENI ALBERTO CAMPOS PINTE'),
(455, 44, 'SECRETARíA GENERAL', ': ROSA DEL CARMEN TRUJILLO'),
(456, 44, 'SECRETARíA DE ORGANIZACIóN Y ESTADíSTICA', ': JOSé AMíLCAR GARCíA ALEMáN'),
(457, 44, 'PRIMERA SECRETARíA DE CONFLICTOS', ': FRANCISCO DAGOBERTO CARPIO LóPEZ'),
(458, 44, 'SEGUNDA SECRETARíA DE CONFLICTOS', ':JUANA OLIVIA ABREGO CASTRO'),
(459, 44, 'SECRETARíA DE FINANZAS', ': JOSé ABRAHáN DíAZ GONZáLEZ'),
(460, 44, 'SECRETARíA DE PRENSA Y PROPAGANDA', ': MARíA JULIA DíAZ DE MARTíNEZ'),
(461, 44, 'SECRETARíA DE EDUCACIóN Y CULTURA', ': PEDRO MáRTIR SIGARáN PORTILLO'),
(462, 44, 'SECRETARíA DE ASISTENCIA Y PREVISIóN SOCIAL', ': JOSé ALFREDO RAMOS RAMOS'),
(463, 44, 'SECRETARíA DE RELACIONES NACIONALES E INTERNACIONALES', ': JOSé ARMANDO ARRIAZA'),
(464, 44, 'SECRETARíA DE ASUNTOS FEMENINOS Y JUVENILES', ': EMELY GETSEMANí GARCíA TORRES'),
(465, 44, 'SECRETARíA DE ACTAS Y ACUERDOS', ': MORENA GUADALUPE MULATO LEMUS');

-- --------------------------------------------------------

--
-- Table structure for table `sap_sector_asociacion`
--

CREATE TABLE `sap_sector_asociacion` (
  `ID_SECTOR_ASOCIACION` int(11) NOT NULL,
  `NOMBRE_SECTOR_ASOCIACION` varchar(100) NOT NULL
) ENGINE=InnoDB DEFAULT CHARSET=utf8;

--
-- Dumping data for table `sap_sector_asociacion`
--

INSERT INTO `sap_sector_asociacion` (`ID_SECTOR_ASOCIACION`, `NOMBRE_SECTOR_ASOCIACION`) VALUES
(1, 'PÚBLICO'),
(2, 'PRIVADO');

-- --------------------------------------------------------

--
-- Table structure for table `sap_tipo_asociacion`
--

CREATE TABLE `sap_tipo_asociacion` (
  `ID_TIPO_ASOCIACION` int(11) NOT NULL,
  `NOMBRE_TIPO_ASOCIACION` varchar(100) NOT NULL
) ENGINE=InnoDB DEFAULT CHARSET=utf8;

--
-- Dumping data for table `sap_tipo_asociacion`
--

INSERT INTO `sap_tipo_asociacion` (`ID_TIPO_ASOCIACION`, `NOMBRE_TIPO_ASOCIACION`) VALUES
(1, 'CONFEDERACIÓN'),
(2, 'FEDERACIÓN'),
(3, 'SINDICATO'),
(4, 'SECCIONAL');

-- --------------------------------------------------------

--
-- Table structure for table `sap_usuario_asociacion`
--

CREATE TABLE `sap_usuario_asociacion` (
  `ID_USUARIO` varchar(30) NOT NULL,
  `NOMBRE_USUARIO` varchar(150) NOT NULL,
  `PASSWORD_USUARIO` text,
  `TIPO_USUARIO` int(11) NOT NULL,
  `ESTADO_USUARIO` int(11) NOT NULL,
  `ID_ROL_USUARIO` int(11) NOT NULL,
  `ID_ASOCIACION_USUARIO` int(11) DEFAULT NULL
) ENGINE=InnoDB DEFAULT CHARSET=utf8;

--
-- Dumping data for table `sap_usuario_asociacion`
--

INSERT INTO `sap_usuario_asociacion` (`ID_USUARIO`, `NOMBRE_USUARIO`, `PASSWORD_USUARIO`, `TIPO_USUARIO`, `ESTADO_USUARIO`, `ID_ROL_USUARIO`, `ID_ASOCIACION_USUARIO`) VALUES
('ADMIN', 'ADMINISTRADOR', 'dd94709528bb1c83d08f3088d4043f4742891f4f', 2, 1, 1, 36),
('ADMINISTRADOR', 'ADMINISTRADOR PRUEBA', '711383a59fda05336fd2ccf70c8059d1523eb41a', 2, 1, 1, NULL),
('sindicato', 'SINDICATO ', '7002bb8ac4fba5fd92b47db5726e7e1d54cf4667', 2, 1, 9, 45),
('tecnico.soporte', 'Soporte tecnico', '28e966aa3c7facb136634aedd1c8036c31caa9dc', 1, 1, 1, NULL);

--
-- Indexes for dumped tables
--

--
-- Indexes for table `sap_afiliado`
--
ALTER TABLE `sap_afiliado`
  ADD PRIMARY KEY (`ID_AFILIADO`);

--
-- Indexes for table `sap_afiliado_asociacion`
--
ALTER TABLE `sap_afiliado_asociacion`
  ADD PRIMARY KEY (`ID_AFILIADO`,`ID_ASOCIACION`,`FECHA_REGISTRO_SISTEMA_AFILIADO`),
  ADD KEY `ID_ASOCIACION` (`ID_ASOCIACION`);

--
-- Indexes for table `sap_asociacion`
--
ALTER TABLE `sap_asociacion`
  ADD PRIMARY KEY (`ID_ASOCIACION`),
  ADD KEY `ID_TIPO_ASOCIACION` (`ID_TIPO_ASOCIACION`),
  ADD KEY `ID_SECTOR_ASOCIACION` (`ID_SECTOR_ASOCIACION`),
  ADD KEY `ID_CLASE_ASOCIACION` (`ID_CLASE_ASOCIACION`),
  ADD KEY `ID_MUNICIPIO_ASOCIACION` (`ID_MUNICIPIO_ASOCIACION`);

--
-- Indexes for table `sap_clase_asociacion`
--
ALTER TABLE `sap_clase_asociacion`
  ADD PRIMARY KEY (`ID_CLASE_ASOCIACION`);

--
-- Indexes for table `sap_documento`
--
ALTER TABLE `sap_documento`
  ADD PRIMARY KEY (`ID_DOCUMENTO`);

--
-- Indexes for table `sap_junta_directiva`
--
ALTER TABLE `sap_junta_directiva`
  ADD PRIMARY KEY (`ID_JUNTA`),
  ADD KEY `ID_ASOCIACION_JUNTA` (`ID_ASOCIACION_JUNTA`);

--
-- Indexes for table `sap_secretaria_junta`
--
ALTER TABLE `sap_secretaria_junta`
  ADD PRIMARY KEY (`ID_SECRETARIA_JUNTA`),
  ADD KEY `ID_JUNTA` (`ID_JUNTA`);

--
-- Indexes for table `sap_sector_asociacion`
--
ALTER TABLE `sap_sector_asociacion`
  ADD PRIMARY KEY (`ID_SECTOR_ASOCIACION`);

--
-- Indexes for table `sap_tipo_asociacion`
--
ALTER TABLE `sap_tipo_asociacion`
  ADD PRIMARY KEY (`ID_TIPO_ASOCIACION`);

--
-- Indexes for table `sap_usuario_asociacion`
--
ALTER TABLE `sap_usuario_asociacion`
  ADD PRIMARY KEY (`ID_USUARIO`),
  ADD KEY `ID_ROL_USUARIO` (`ID_ROL_USUARIO`),
  ADD KEY `ID_ASOCIACION_USUARIO` (`ID_ASOCIACION_USUARIO`);

--
-- AUTO_INCREMENT for dumped tables
--

--
-- AUTO_INCREMENT for table `sap_asociacion`
--
ALTER TABLE `sap_asociacion`
  MODIFY `ID_ASOCIACION` int(11) NOT NULL AUTO_INCREMENT, AUTO_INCREMENT=50;
--
-- AUTO_INCREMENT for table `sap_clase_asociacion`
--
ALTER TABLE `sap_clase_asociacion`
  MODIFY `ID_CLASE_ASOCIACION` int(11) NOT NULL AUTO_INCREMENT, AUTO_INCREMENT=7;
--
-- AUTO_INCREMENT for table `sap_documento`
--
ALTER TABLE `sap_documento`
  MODIFY `ID_DOCUMENTO` int(11) NOT NULL AUTO_INCREMENT, AUTO_INCREMENT=4;
--
-- AUTO_INCREMENT for table `sap_junta_directiva`
--
ALTER TABLE `sap_junta_directiva`
  MODIFY `ID_JUNTA` int(11) NOT NULL AUTO_INCREMENT, AUTO_INCREMENT=45;
--
-- AUTO_INCREMENT for table `sap_secretaria_junta`
--
ALTER TABLE `sap_secretaria_junta`
  MODIFY `ID_SECRETARIA_JUNTA` int(11) NOT NULL AUTO_INCREMENT, AUTO_INCREMENT=466;
--
-- AUTO_INCREMENT for table `sap_sector_asociacion`
--
ALTER TABLE `sap_sector_asociacion`
  MODIFY `ID_SECTOR_ASOCIACION` int(11) NOT NULL AUTO_INCREMENT, AUTO_INCREMENT=3;
--
-- AUTO_INCREMENT for table `sap_tipo_asociacion`
--
ALTER TABLE `sap_tipo_asociacion`
  MODIFY `ID_TIPO_ASOCIACION` int(11) NOT NULL AUTO_INCREMENT, AUTO_INCREMENT=5;
--
-- Constraints for dumped tables
--

--
-- Constraints for table `sap_afiliado_asociacion`
--
ALTER TABLE `sap_afiliado_asociacion`
  ADD CONSTRAINT `sap_afiliado_asociacion_ibfk_2` FOREIGN KEY (`ID_ASOCIACION`) REFERENCES `sap_asociacion` (`ID_ASOCIACION`) ON UPDATE CASCADE,
  ADD CONSTRAINT `sap_afiliado_asociacion_ibfk_3` FOREIGN KEY (`ID_AFILIADO`) REFERENCES `sap_afiliado` (`ID_AFILIADO`) ON UPDATE CASCADE;

--
-- Constraints for table `sap_asociacion`
--
ALTER TABLE `sap_asociacion`
  ADD CONSTRAINT `sap_asociacion_ibfk_1` FOREIGN KEY (`ID_TIPO_ASOCIACION`) REFERENCES `sap_tipo_asociacion` (`ID_TIPO_ASOCIACION`) ON UPDATE CASCADE,
  ADD CONSTRAINT `sap_asociacion_ibfk_2` FOREIGN KEY (`ID_SECTOR_ASOCIACION`) REFERENCES `sap_sector_asociacion` (`ID_SECTOR_ASOCIACION`) ON UPDATE CASCADE,
  ADD CONSTRAINT `sap_asociacion_ibfk_3` FOREIGN KEY (`ID_CLASE_ASOCIACION`) REFERENCES `sap_clase_asociacion` (`ID_CLASE_ASOCIACION`) ON UPDATE CASCADE,
  ADD CONSTRAINT `sap_asociacion_ibfk_4` FOREIGN KEY (`ID_MUNICIPIO_ASOCIACION`) REFERENCES `tab_municipio` (`ID_MUNICIPIO`) ON UPDATE CASCADE;

--
-- Constraints for table `sap_junta_directiva`
--
ALTER TABLE `sap_junta_directiva`
  ADD CONSTRAINT `sap_junta_directiva_ibfk_1` FOREIGN KEY (`ID_ASOCIACION_JUNTA`) REFERENCES `sap_asociacion` (`ID_ASOCIACION`) ON UPDATE CASCADE;

--
-- Constraints for table `sap_secretaria_junta`
--
ALTER TABLE `sap_secretaria_junta`
  ADD CONSTRAINT `sap_secretaria_junta_ibfk_1` FOREIGN KEY (`ID_JUNTA`) REFERENCES `sap_junta_directiva` (`ID_JUNTA`) ON UPDATE CASCADE;

--
-- Constraints for table `sap_usuario_asociacion`
--
ALTER TABLE `sap_usuario_asociacion`
  ADD CONSTRAINT `sap_usuario_asociacion_ibfk_1` FOREIGN KEY (`ID_ROL_USUARIO`) REFERENCES `tab_rol_usuario` (`ID_ROL_USUARIO`) ON UPDATE CASCADE,
  ADD CONSTRAINT `sap_usuario_asociacion_ibfk_2` FOREIGN KEY (`ID_ASOCIACION_USUARIO`) REFERENCES `sap_asociacion` (`ID_ASOCIACION`) ON UPDATE CASCADE;

/*!40101 SET CHARACTER_SET_CLIENT=@OLD_CHARACTER_SET_CLIENT */;
/*!40101 SET CHARACTER_SET_RESULTS=@OLD_CHARACTER_SET_RESULTS */;
/*!40101 SET COLLATION_CONNECTION=@OLD_COLLATION_CONNECTION */;
